scoreName,instrumentName,pageName,pageNo,barName,barNo,timeSigNum,timeSigDenom,tempoBpm,tempoBeatValue,beatNo,startTimeMillis,durationTimeMillis,endTimeMillis,startBaseBeatUnits,durationBeatUnits,endBaseBeatUnits,xStartPxl,xEndPxl,yStartPxl,yEndPxl,isUpbeat,resource,unitBeatNo
Symphonea,AV,page1,1,bar0,0,12,4,100,4,0,0,600,600,1,2,3,30,68,100,100,1,/System/Volumes/Data/MyHome/Music/scoreExport/Symphonea/merged/Symphonea_AV_page1,1
Symphonea,AV,page1,1,bar1,1,12,4,100,4,1,600,600,1200,3,2,5,68,123,100,100,0,/System/Volumes/Data/MyHome/Music/scoreExport/Symphonea/merged/Symphonea_AV_page1,3
Symphonea,AV,page1,1,bar1,1,12,4,100,4,2,1200,600,1800,5,2,7,123,178,100,100,0,/System/Volumes/Data/MyHome/Music/scoreExport/Symphonea/merged/Symphonea_AV_page1,5
Symphonea,AV,page1,1,bar1,1,12,4,100,4,3,1800,600,2400,7,2,9,178,233,100,100,0,/System/Volumes/Data/MyHome/Music/scoreExport/Symphonea/merged/Symphonea_AV_page1,7
Symphonea,AV,page1,1,bar1,1,12,4,100,4,4,2400,600,3000,9,2,11,233,288,100,100,0,/System/Volumes/Data/MyHome/Music/scoreExport/Symphonea/merged/Symphonea_AV_page1,9
Symphonea,AV,page1,1,bar1,1,12,4,100,4,5,3000,600,3600,11,2,13,288,343,100,100,0,/System/Volumes/Data/MyHome/Music/scoreExport/Symphonea/merged/Symphonea_AV_page1,11
Symphonea,AV,page1,1,bar1,1,12,4,100,4,6,3600,600,4200,13,2,15,343,398,100,100,0,/System/Volumes/Data/MyHome/Music/scoreExport/Symphonea/merged/Symphonea_AV_page1,13
Symphonea,AV,page1,1,bar1,1,12,4,100,4,7,4200,600,4800,15,2,17,398,453,100,100,0,/System/Volumes/Data/MyHome/Music/scoreExport/Symphonea/merged/Symphonea_AV_page1,15
Symphonea,AV,page1,1,bar1,1,12,4,100,4,8,4800,600,5400,17,2,19,453,508,100,100,0,/System/Volumes/Data/MyHome/Music/scoreExport/Symphonea/merged/Symphonea_AV_page1,17
Symphonea,AV,page1,1,bar1,1,12,4,100,4,9,5400,600,6000,19,2,21,508,563,100,100,0,/System/Volumes/Data/MyHome/Music/scoreExport/Symphonea/merged/Symphonea_AV_page1,19
Symphonea,AV,page1,1,bar1,1,12,4,100,4,10,6000,600,6600,21,2,23,563,618,100,100,0,/System/Volumes/Data/MyHome/Music/scoreExport/Symphonea/merged/Symphonea_AV_page1,21
Symphonea,AV,page1,1,bar1,1,12,4,100,4,11,6600,600,7200,23,2,25,618,673,100,100,0,/System/Volumes/Data/MyHome/Music/scoreExport/Symphonea/merged/Symphonea_AV_page1,23
Symphonea,AV,page1,1,bar1,1,12,4,100,4,12,7200,600,7800,25,2,27,673,728,100,100,0,/System/Volumes/Data/MyHome/Music/scoreExport/Symphonea/merged/Symphonea_AV_page1,25
Symphonea,AV,page1,1,bar1,1,12,4,100,4,1,600,600,1200,3,2,5,68,123,100,100,0,max:beat=1:play|b1,3
Symphonea,AV,page1,1,bar1,1,12,4,100,4,1,600,600,1200,3,2,5,68,123,100,100,0,web:beat=8:webScore.setInstructions(false);,3
Symphonea,Blue,page1,1,bar0,0,12,4,100,4,0,0,600,600,1,2,3,30,68,100,100,1,/System/Volumes/Data/MyHome/Music/scoreExport/Symphonea/merged/Symphonea_Blue_page1,1
Symphonea,Blue,page1,1,bar1,1,12,4,100,4,1,600,600,1200,3,2,5,68,123,100,100,0,/System/Volumes/Data/MyHome/Music/scoreExport/Symphonea/merged/Symphonea_Blue_page1,3
Symphonea,Blue,page1,1,bar1,1,12,4,100,4,2,1200,600,1800,5,2,7,123,178,100,100,0,/System/Volumes/Data/MyHome/Music/scoreExport/Symphonea/merged/Symphonea_Blue_page1,5
Symphonea,Blue,page1,1,bar1,1,12,4,100,4,3,1800,600,2400,7,2,9,178,233,100,100,0,/System/Volumes/Data/MyHome/Music/scoreExport/Symphonea/merged/Symphonea_Blue_page1,7
Symphonea,Blue,page1,1,bar1,1,12,4,100,4,4,2400,600,3000,9,2,11,233,288,100,100,0,/System/Volumes/Data/MyHome/Music/scoreExport/Symphonea/merged/Symphonea_Blue_page1,9
Symphonea,Blue,page1,1,bar1,1,12,4,100,4,5,3000,600,3600,11,2,13,288,343,100,100,0,/System/Volumes/Data/MyHome/Music/scoreExport/Symphonea/merged/Symphonea_Blue_page1,11
Symphonea,Blue,page1,1,bar1,1,12,4,100,4,6,3600,600,4200,13,2,15,343,398,100,100,0,/System/Volumes/Data/MyHome/Music/scoreExport/Symphonea/merged/Symphonea_Blue_page1,13
Symphonea,Blue,page1,1,bar1,1,12,4,100,4,7,4200,600,4800,15,2,17,398,453,100,100,0,/System/Volumes/Data/MyHome/Music/scoreExport/Symphonea/merged/Symphonea_Blue_page1,15
Symphonea,Blue,page1,1,bar1,1,12,4,100,4,8,4800,600,5400,17,2,19,453,508,100,100,0,/System/Volumes/Data/MyHome/Music/scoreExport/Symphonea/merged/Symphonea_Blue_page1,17
Symphonea,Blue,page1,1,bar1,1,12,4,100,4,9,5400,600,6000,19,2,21,508,563,100,100,0,/System/Volumes/Data/MyHome/Music/scoreExport/Symphonea/merged/Symphonea_Blue_page1,19
Symphonea,Blue,page1,1,bar1,1,12,4,100,4,10,6000,600,6600,21,2,23,563,618,100,100,0,/System/Volumes/Data/MyHome/Music/scoreExport/Symphonea/merged/Symphonea_Blue_page1,21
Symphonea,Blue,page1,1,bar1,1,12,4,100,4,11,6600,600,7200,23,2,25,618,673,100,100,0,/System/Volumes/Data/MyHome/Music/scoreExport/Symphonea/merged/Symphonea_Blue_page1,23
Symphonea,Blue,page1,1,bar1,1,12,4,100,4,12,7200,600,7800,25,2,27,673,728,100,100,0,/System/Volumes/Data/MyHome/Music/scoreExport/Symphonea/merged/Symphonea_Blue_page1,25
Symphonea,FullScore,page1,1,bar0,0,12,4,100,4,0,0,600,600,1,2,3,30,68,100,100,1,/System/Volumes/Data/MyHome/Music/scoreExport/Symphonea/merged/Symphonea_FullScore_page1,1
Symphonea,FullScore,page1,1,bar1,1,12,4,100,4,1,600,600,1200,3,2,5,68,123,100,100,0,/System/Volumes/Data/MyHome/Music/scoreExport/Symphonea/merged/Symphonea_FullScore_page1,3
Symphonea,FullScore,page1,1,bar1,1,12,4,100,4,2,1200,600,1800,5,2,7,123,178,100,100,0,/System/Volumes/Data/MyHome/Music/scoreExport/Symphonea/merged/Symphonea_FullScore_page1,5
Symphonea,FullScore,page1,1,bar1,1,12,4,100,4,3,1800,600,2400,7,2,9,178,233,100,100,0,/System/Volumes/Data/MyHome/Music/scoreExport/Symphonea/merged/Symphonea_FullScore_page1,7
Symphonea,FullScore,page1,1,bar1,1,12,4,100,4,4,2400,600,3000,9,2,11,233,288,100,100,0,/System/Volumes/Data/MyHome/Music/scoreExport/Symphonea/merged/Symphonea_FullScore_page1,9
Symphonea,FullScore,page1,1,bar1,1,12,4,100,4,5,3000,600,3600,11,2,13,288,343,100,100,0,/System/Volumes/Data/MyHome/Music/scoreExport/Symphonea/merged/Symphonea_FullScore_page1,11
Symphonea,FullScore,page1,1,bar1,1,12,4,100,4,6,3600,600,4200,13,2,15,343,398,100,100,0,/System/Volumes/Data/MyHome/Music/scoreExport/Symphonea/merged/Symphonea_FullScore_page1,13
Symphonea,FullScore,page1,1,bar1,1,12,4,100,4,7,4200,600,4800,15,2,17,398,453,100,100,0,/System/Volumes/Data/MyHome/Music/scoreExport/Symphonea/merged/Symphonea_FullScore_page1,15
Symphonea,FullScore,page1,1,bar1,1,12,4,100,4,8,4800,600,5400,17,2,19,453,508,100,100,0,/System/Volumes/Data/MyHome/Music/scoreExport/Symphonea/merged/Symphonea_FullScore_page1,17
Symphonea,FullScore,page1,1,bar1,1,12,4,100,4,9,5400,600,6000,19,2,21,508,563,100,100,0,/System/Volumes/Data/MyHome/Music/scoreExport/Symphonea/merged/Symphonea_FullScore_page1,19
Symphonea,FullScore,page1,1,bar1,1,12,4,100,4,10,6000,600,6600,21,2,23,563,618,100,100,0,/System/Volumes/Data/MyHome/Music/scoreExport/Symphonea/merged/Symphonea_FullScore_page1,21
Symphonea,FullScore,page1,1,bar1,1,12,4,100,4,11,6600,600,7200,23,2,25,618,673,100,100,0,/System/Volumes/Data/MyHome/Music/scoreExport/Symphonea/merged/Symphonea_FullScore_page1,23
Symphonea,FullScore,page1,1,bar1,1,12,4,100,4,12,7200,600,7800,25,2,27,673,728,100,100,0,/System/Volumes/Data/MyHome/Music/scoreExport/Symphonea/merged/Symphonea_FullScore_page1,25
Symphonea,Green,page1,1,bar0,0,12,4,100,4,0,0,600,600,1,2,3,30,68,100,100,1,/System/Volumes/Data/MyHome/Music/scoreExport/Symphonea/merged/Symphonea_Green_page1,1
Symphonea,Green,page1,1,bar1,1,12,4,100,4,1,600,600,1200,3,2,5,68,123,100,100,0,/System/Volumes/Data/MyHome/Music/scoreExport/Symphonea/merged/Symphonea_Green_page1,3
Symphonea,Green,page1,1,bar1,1,12,4,100,4,2,1200,600,1800,5,2,7,123,178,100,100,0,/System/Volumes/Data/MyHome/Music/scoreExport/Symphonea/merged/Symphonea_Green_page1,5
Symphonea,Green,page1,1,bar1,1,12,4,100,4,3,1800,600,2400,7,2,9,178,233,100,100,0,/System/Volumes/Data/MyHome/Music/scoreExport/Symphonea/merged/Symphonea_Green_page1,7
Symphonea,Green,page1,1,bar1,1,12,4,100,4,4,2400,600,3000,9,2,11,233,288,100,100,0,/System/Volumes/Data/MyHome/Music/scoreExport/Symphonea/merged/Symphonea_Green_page1,9
Symphonea,Green,page1,1,bar1,1,12,4,100,4,5,3000,600,3600,11,2,13,288,343,100,100,0,/System/Volumes/Data/MyHome/Music/scoreExport/Symphonea/merged/Symphonea_Green_page1,11
Symphonea,Green,page1,1,bar1,1,12,4,100,4,6,3600,600,4200,13,2,15,343,398,100,100,0,/System/Volumes/Data/MyHome/Music/scoreExport/Symphonea/merged/Symphonea_Green_page1,13
Symphonea,Green,page1,1,bar1,1,12,4,100,4,7,4200,600,4800,15,2,17,398,453,100,100,0,/System/Volumes/Data/MyHome/Music/scoreExport/Symphonea/merged/Symphonea_Green_page1,15
Symphonea,Green,page1,1,bar1,1,12,4,100,4,8,4800,600,5400,17,2,19,453,508,100,100,0,/System/Volumes/Data/MyHome/Music/scoreExport/Symphonea/merged/Symphonea_Green_page1,17
Symphonea,Green,page1,1,bar1,1,12,4,100,4,9,5400,600,6000,19,2,21,508,563,100,100,0,/System/Volumes/Data/MyHome/Music/scoreExport/Symphonea/merged/Symphonea_Green_page1,19
Symphonea,Green,page1,1,bar1,1,12,4,100,4,10,6000,600,6600,21,2,23,563,618,100,100,0,/System/Volumes/Data/MyHome/Music/scoreExport/Symphonea/merged/Symphonea_Green_page1,21
Symphonea,Green,page1,1,bar1,1,12,4,100,4,11,6600,600,7200,23,2,25,618,673,100,100,0,/System/Volumes/Data/MyHome/Music/scoreExport/Symphonea/merged/Symphonea_Green_page1,23
Symphonea,Green,page1,1,bar1,1,12,4,100,4,12,7200,600,7800,25,2,27,673,728,100,100,0,/System/Volumes/Data/MyHome/Music/scoreExport/Symphonea/merged/Symphonea_Green_page1,25
Symphonea,Red,page1,1,bar0,0,12,4,100,4,0,0,600,600,1,2,3,30,68,100,100,1,/System/Volumes/Data/MyHome/Music/scoreExport/Symphonea/merged/Symphonea_Red_page1,1
Symphonea,Red,page1,1,bar1,1,12,4,100,4,1,600,600,1200,3,2,5,68,123,100,100,0,/System/Volumes/Data/MyHome/Music/scoreExport/Symphonea/merged/Symphonea_Red_page1,3
Symphonea,Red,page1,1,bar1,1,12,4,100,4,2,1200,600,1800,5,2,7,123,178,100,100,0,/System/Volumes/Data/MyHome/Music/scoreExport/Symphonea/merged/Symphonea_Red_page1,5
Symphonea,Red,page1,1,bar1,1,12,4,100,4,3,1800,600,2400,7,2,9,178,233,100,100,0,/System/Volumes/Data/MyHome/Music/scoreExport/Symphonea/merged/Symphonea_Red_page1,7
Symphonea,Red,page1,1,bar1,1,12,4,100,4,4,2400,600,3000,9,2,11,233,288,100,100,0,/System/Volumes/Data/MyHome/Music/scoreExport/Symphonea/merged/Symphonea_Red_page1,9
Symphonea,Red,page1,1,bar1,1,12,4,100,4,5,3000,600,3600,11,2,13,288,343,100,100,0,/System/Volumes/Data/MyHome/Music/scoreExport/Symphonea/merged/Symphonea_Red_page1,11
Symphonea,Red,page1,1,bar1,1,12,4,100,4,6,3600,600,4200,13,2,15,343,398,100,100,0,/System/Volumes/Data/MyHome/Music/scoreExport/Symphonea/merged/Symphonea_Red_page1,13
Symphonea,Red,page1,1,bar1,1,12,4,100,4,7,4200,600,4800,15,2,17,398,453,100,100,0,/System/Volumes/Data/MyHome/Music/scoreExport/Symphonea/merged/Symphonea_Red_page1,15
Symphonea,Red,page1,1,bar1,1,12,4,100,4,8,4800,600,5400,17,2,19,453,508,100,100,0,/System/Volumes/Data/MyHome/Music/scoreExport/Symphonea/merged/Symphonea_Red_page1,17
Symphonea,Red,page1,1,bar1,1,12,4,100,4,9,5400,600,6000,19,2,21,508,563,100,100,0,/System/Volumes/Data/MyHome/Music/scoreExport/Symphonea/merged/Symphonea_Red_page1,19
Symphonea,Red,page1,1,bar1,1,12,4,100,4,10,6000,600,6600,21,2,23,563,618,100,100,0,/System/Volumes/Data/MyHome/Music/scoreExport/Symphonea/merged/Symphonea_Red_page1,21
Symphonea,Red,page1,1,bar1,1,12,4,100,4,11,6600,600,7200,23,2,25,618,673,100,100,0,/System/Volumes/Data/MyHome/Music/scoreExport/Symphonea/merged/Symphonea_Red_page1,23
Symphonea,Red,page1,1,bar1,1,12,4,100,4,12,7200,600,7800,25,2,27,673,728,100,100,0,/System/Volumes/Data/MyHome/Music/scoreExport/Symphonea/merged/Symphonea_Red_page1,25
Symphonea,AV,page2,2,bar1,1,12,4,100,4,12,7200,600,7800,25,2,27,30,68,100,100,1,/System/Volumes/Data/MyHome/Music/scoreExport/Symphonea/merged/Symphonea_AV_page2,25
Symphonea,AV,page2,2,bar2,2,12,4,100,4,13,7800,600,8400,27,2,29,68,123,100,100,0,/System/Volumes/Data/MyHome/Music/scoreExport/Symphonea/merged/Symphonea_AV_page2,27
Symphonea,AV,page2,2,bar2,2,12,4,100,4,14,8400,600,9000,29,2,31,123,178,100,100,0,/System/Volumes/Data/MyHome/Music/scoreExport/Symphonea/merged/Symphonea_AV_page2,29
Symphonea,AV,page2,2,bar2,2,12,4,100,4,15,9000,600,9600,31,2,33,178,233,100,100,0,/System/Volumes/Data/MyHome/Music/scoreExport/Symphonea/merged/Symphonea_AV_page2,31
Symphonea,AV,page2,2,bar2,2,12,4,100,4,16,9600,600,10200,33,2,35,233,288,100,100,0,/System/Volumes/Data/MyHome/Music/scoreExport/Symphonea/merged/Symphonea_AV_page2,33
Symphonea,AV,page2,2,bar2,2,12,4,100,4,17,10200,600,10800,35,2,37,288,343,100,100,0,/System/Volumes/Data/MyHome/Music/scoreExport/Symphonea/merged/Symphonea_AV_page2,35
Symphonea,AV,page2,2,bar2,2,12,4,100,4,18,10800,600,11400,37,2,39,343,398,100,100,0,/System/Volumes/Data/MyHome/Music/scoreExport/Symphonea/merged/Symphonea_AV_page2,37
Symphonea,AV,page2,2,bar2,2,12,4,100,4,19,11400,600,12000,39,2,41,398,453,100,100,0,/System/Volumes/Data/MyHome/Music/scoreExport/Symphonea/merged/Symphonea_AV_page2,39
Symphonea,AV,page2,2,bar2,2,12,4,100,4,20,12000,600,12600,41,2,43,453,508,100,100,0,/System/Volumes/Data/MyHome/Music/scoreExport/Symphonea/merged/Symphonea_AV_page2,41
Symphonea,AV,page2,2,bar2,2,12,4,100,4,21,12600,600,13200,43,2,45,508,563,100,100,0,/System/Volumes/Data/MyHome/Music/scoreExport/Symphonea/merged/Symphonea_AV_page2,43
Symphonea,AV,page2,2,bar2,2,12,4,100,4,22,13200,600,13800,45,2,47,563,618,100,100,0,/System/Volumes/Data/MyHome/Music/scoreExport/Symphonea/merged/Symphonea_AV_page2,45
Symphonea,AV,page2,2,bar2,2,12,4,100,4,23,13800,600,14400,47,2,49,618,673,100,100,0,/System/Volumes/Data/MyHome/Music/scoreExport/Symphonea/merged/Symphonea_AV_page2,47
Symphonea,AV,page2,2,bar2,2,12,4,100,4,24,14400,600,15000,49,2,51,673,728,100,100,0,/System/Volumes/Data/MyHome/Music/scoreExport/Symphonea/merged/Symphonea_AV_page2,49
Symphonea,AV,page2,2,bar2,2,12,4,100,4,13,7800,600,8400,27,2,29,68,123,100,100,0,max:beat=1:play|b1,27
Symphonea,AV,page2,2,bar2,2,12,4,100,4,13,7800,600,8400,27,2,29,68,123,100,100,0,web:beat=8:webScore.setInstructions(false);,27
Symphonea,Blue,page2,2,bar1,1,12,4,100,4,12,7200,600,7800,25,2,27,30,68,100,100,1,/System/Volumes/Data/MyHome/Music/scoreExport/Symphonea/merged/Symphonea_Blue_page2,25
Symphonea,Blue,page2,2,bar2,2,12,4,100,4,13,7800,600,8400,27,2,29,68,123,100,100,0,/System/Volumes/Data/MyHome/Music/scoreExport/Symphonea/merged/Symphonea_Blue_page2,27
Symphonea,Blue,page2,2,bar2,2,12,4,100,4,14,8400,600,9000,29,2,31,123,178,100,100,0,/System/Volumes/Data/MyHome/Music/scoreExport/Symphonea/merged/Symphonea_Blue_page2,29
Symphonea,Blue,page2,2,bar2,2,12,4,100,4,15,9000,600,9600,31,2,33,178,233,100,100,0,/System/Volumes/Data/MyHome/Music/scoreExport/Symphonea/merged/Symphonea_Blue_page2,31
Symphonea,Blue,page2,2,bar2,2,12,4,100,4,16,9600,600,10200,33,2,35,233,288,100,100,0,/System/Volumes/Data/MyHome/Music/scoreExport/Symphonea/merged/Symphonea_Blue_page2,33
Symphonea,Blue,page2,2,bar2,2,12,4,100,4,17,10200,600,10800,35,2,37,288,343,100,100,0,/System/Volumes/Data/MyHome/Music/scoreExport/Symphonea/merged/Symphonea_Blue_page2,35
Symphonea,Blue,page2,2,bar2,2,12,4,100,4,18,10800,600,11400,37,2,39,343,398,100,100,0,/System/Volumes/Data/MyHome/Music/scoreExport/Symphonea/merged/Symphonea_Blue_page2,37
Symphonea,Blue,page2,2,bar2,2,12,4,100,4,19,11400,600,12000,39,2,41,398,453,100,100,0,/System/Volumes/Data/MyHome/Music/scoreExport/Symphonea/merged/Symphonea_Blue_page2,39
Symphonea,Blue,page2,2,bar2,2,12,4,100,4,20,12000,600,12600,41,2,43,453,508,100,100,0,/System/Volumes/Data/MyHome/Music/scoreExport/Symphonea/merged/Symphonea_Blue_page2,41
Symphonea,Blue,page2,2,bar2,2,12,4,100,4,21,12600,600,13200,43,2,45,508,563,100,100,0,/System/Volumes/Data/MyHome/Music/scoreExport/Symphonea/merged/Symphonea_Blue_page2,43
Symphonea,Blue,page2,2,bar2,2,12,4,100,4,22,13200,600,13800,45,2,47,563,618,100,100,0,/System/Volumes/Data/MyHome/Music/scoreExport/Symphonea/merged/Symphonea_Blue_page2,45
Symphonea,Blue,page2,2,bar2,2,12,4,100,4,23,13800,600,14400,47,2,49,618,673,100,100,0,/System/Volumes/Data/MyHome/Music/scoreExport/Symphonea/merged/Symphonea_Blue_page2,47
Symphonea,Blue,page2,2,bar2,2,12,4,100,4,24,14400,600,15000,49,2,51,673,728,100,100,0,/System/Volumes/Data/MyHome/Music/scoreExport/Symphonea/merged/Symphonea_Blue_page2,49
Symphonea,FullScore,page2,2,bar1,1,12,4,100,4,12,7200,600,7800,25,2,27,30,68,100,100,1,/System/Volumes/Data/MyHome/Music/scoreExport/Symphonea/merged/Symphonea_FullScore_page2,25
Symphonea,FullScore,page2,2,bar2,2,12,4,100,4,13,7800,600,8400,27,2,29,68,123,100,100,0,/System/Volumes/Data/MyHome/Music/scoreExport/Symphonea/merged/Symphonea_FullScore_page2,27
Symphonea,FullScore,page2,2,bar2,2,12,4,100,4,14,8400,600,9000,29,2,31,123,178,100,100,0,/System/Volumes/Data/MyHome/Music/scoreExport/Symphonea/merged/Symphonea_FullScore_page2,29
Symphonea,FullScore,page2,2,bar2,2,12,4,100,4,15,9000,600,9600,31,2,33,178,233,100,100,0,/System/Volumes/Data/MyHome/Music/scoreExport/Symphonea/merged/Symphonea_FullScore_page2,31
Symphonea,FullScore,page2,2,bar2,2,12,4,100,4,16,9600,600,10200,33,2,35,233,288,100,100,0,/System/Volumes/Data/MyHome/Music/scoreExport/Symphonea/merged/Symphonea_FullScore_page2,33
Symphonea,FullScore,page2,2,bar2,2,12,4,100,4,17,10200,600,10800,35,2,37,288,343,100,100,0,/System/Volumes/Data/MyHome/Music/scoreExport/Symphonea/merged/Symphonea_FullScore_page2,35
Symphonea,FullScore,page2,2,bar2,2,12,4,100,4,18,10800,600,11400,37,2,39,343,398,100,100,0,/System/Volumes/Data/MyHome/Music/scoreExport/Symphonea/merged/Symphonea_FullScore_page2,37
Symphonea,FullScore,page2,2,bar2,2,12,4,100,4,19,11400,600,12000,39,2,41,398,453,100,100,0,/System/Volumes/Data/MyHome/Music/scoreExport/Symphonea/merged/Symphonea_FullScore_page2,39
Symphonea,FullScore,page2,2,bar2,2,12,4,100,4,20,12000,600,12600,41,2,43,453,508,100,100,0,/System/Volumes/Data/MyHome/Music/scoreExport/Symphonea/merged/Symphonea_FullScore_page2,41
Symphonea,FullScore,page2,2,bar2,2,12,4,100,4,21,12600,600,13200,43,2,45,508,563,100,100,0,/System/Volumes/Data/MyHome/Music/scoreExport/Symphonea/merged/Symphonea_FullScore_page2,43
Symphonea,FullScore,page2,2,bar2,2,12,4,100,4,22,13200,600,13800,45,2,47,563,618,100,100,0,/System/Volumes/Data/MyHome/Music/scoreExport/Symphonea/merged/Symphonea_FullScore_page2,45
Symphonea,FullScore,page2,2,bar2,2,12,4,100,4,23,13800,600,14400,47,2,49,618,673,100,100,0,/System/Volumes/Data/MyHome/Music/scoreExport/Symphonea/merged/Symphonea_FullScore_page2,47
Symphonea,FullScore,page2,2,bar2,2,12,4,100,4,24,14400,600,15000,49,2,51,673,728,100,100,0,/System/Volumes/Data/MyHome/Music/scoreExport/Symphonea/merged/Symphonea_FullScore_page2,49
Symphonea,Green,page2,2,bar1,1,12,4,100,4,12,7200,600,7800,25,2,27,30,68,100,100,1,/System/Volumes/Data/MyHome/Music/scoreExport/Symphonea/merged/Symphonea_Green_page2,25
Symphonea,Green,page2,2,bar2,2,12,4,100,4,13,7800,600,8400,27,2,29,68,123,100,100,0,/System/Volumes/Data/MyHome/Music/scoreExport/Symphonea/merged/Symphonea_Green_page2,27
Symphonea,Green,page2,2,bar2,2,12,4,100,4,14,8400,600,9000,29,2,31,123,178,100,100,0,/System/Volumes/Data/MyHome/Music/scoreExport/Symphonea/merged/Symphonea_Green_page2,29
Symphonea,Green,page2,2,bar2,2,12,4,100,4,15,9000,600,9600,31,2,33,178,233,100,100,0,/System/Volumes/Data/MyHome/Music/scoreExport/Symphonea/merged/Symphonea_Green_page2,31
Symphonea,Green,page2,2,bar2,2,12,4,100,4,16,9600,600,10200,33,2,35,233,288,100,100,0,/System/Volumes/Data/MyHome/Music/scoreExport/Symphonea/merged/Symphonea_Green_page2,33
Symphonea,Green,page2,2,bar2,2,12,4,100,4,17,10200,600,10800,35,2,37,288,343,100,100,0,/System/Volumes/Data/MyHome/Music/scoreExport/Symphonea/merged/Symphonea_Green_page2,35
Symphonea,Green,page2,2,bar2,2,12,4,100,4,18,10800,600,11400,37,2,39,343,398,100,100,0,/System/Volumes/Data/MyHome/Music/scoreExport/Symphonea/merged/Symphonea_Green_page2,37
Symphonea,Green,page2,2,bar2,2,12,4,100,4,19,11400,600,12000,39,2,41,398,453,100,100,0,/System/Volumes/Data/MyHome/Music/scoreExport/Symphonea/merged/Symphonea_Green_page2,39
Symphonea,Green,page2,2,bar2,2,12,4,100,4,20,12000,600,12600,41,2,43,453,508,100,100,0,/System/Volumes/Data/MyHome/Music/scoreExport/Symphonea/merged/Symphonea_Green_page2,41
Symphonea,Green,page2,2,bar2,2,12,4,100,4,21,12600,600,13200,43,2,45,508,563,100,100,0,/System/Volumes/Data/MyHome/Music/scoreExport/Symphonea/merged/Symphonea_Green_page2,43
Symphonea,Green,page2,2,bar2,2,12,4,100,4,22,13200,600,13800,45,2,47,563,618,100,100,0,/System/Volumes/Data/MyHome/Music/scoreExport/Symphonea/merged/Symphonea_Green_page2,45
Symphonea,Green,page2,2,bar2,2,12,4,100,4,23,13800,600,14400,47,2,49,618,673,100,100,0,/System/Volumes/Data/MyHome/Music/scoreExport/Symphonea/merged/Symphonea_Green_page2,47
Symphonea,Green,page2,2,bar2,2,12,4,100,4,24,14400,600,15000,49,2,51,673,728,100,100,0,/System/Volumes/Data/MyHome/Music/scoreExport/Symphonea/merged/Symphonea_Green_page2,49
Symphonea,Red,page2,2,bar1,1,12,4,100,4,12,7200,600,7800,25,2,27,30,68,100,100,1,/System/Volumes/Data/MyHome/Music/scoreExport/Symphonea/merged/Symphonea_Red_page2,25
Symphonea,Red,page2,2,bar2,2,12,4,100,4,13,7800,600,8400,27,2,29,68,123,100,100,0,/System/Volumes/Data/MyHome/Music/scoreExport/Symphonea/merged/Symphonea_Red_page2,27
Symphonea,Red,page2,2,bar2,2,12,4,100,4,14,8400,600,9000,29,2,31,123,178,100,100,0,/System/Volumes/Data/MyHome/Music/scoreExport/Symphonea/merged/Symphonea_Red_page2,29
Symphonea,Red,page2,2,bar2,2,12,4,100,4,15,9000,600,9600,31,2,33,178,233,100,100,0,/System/Volumes/Data/MyHome/Music/scoreExport/Symphonea/merged/Symphonea_Red_page2,31
Symphonea,Red,page2,2,bar2,2,12,4,100,4,16,9600,600,10200,33,2,35,233,288,100,100,0,/System/Volumes/Data/MyHome/Music/scoreExport/Symphonea/merged/Symphonea_Red_page2,33
Symphonea,Red,page2,2,bar2,2,12,4,100,4,17,10200,600,10800,35,2,37,288,343,100,100,0,/System/Volumes/Data/MyHome/Music/scoreExport/Symphonea/merged/Symphonea_Red_page2,35
Symphonea,Red,page2,2,bar2,2,12,4,100,4,18,10800,600,11400,37,2,39,343,398,100,100,0,/System/Volumes/Data/MyHome/Music/scoreExport/Symphonea/merged/Symphonea_Red_page2,37
Symphonea,Red,page2,2,bar2,2,12,4,100,4,19,11400,600,12000,39,2,41,398,453,100,100,0,/System/Volumes/Data/MyHome/Music/scoreExport/Symphonea/merged/Symphonea_Red_page2,39
Symphonea,Red,page2,2,bar2,2,12,4,100,4,20,12000,600,12600,41,2,43,453,508,100,100,0,/System/Volumes/Data/MyHome/Music/scoreExport/Symphonea/merged/Symphonea_Red_page2,41
Symphonea,Red,page2,2,bar2,2,12,4,100,4,21,12600,600,13200,43,2,45,508,563,100,100,0,/System/Volumes/Data/MyHome/Music/scoreExport/Symphonea/merged/Symphonea_Red_page2,43
Symphonea,Red,page2,2,bar2,2,12,4,100,4,22,13200,600,13800,45,2,47,563,618,100,100,0,/System/Volumes/Data/MyHome/Music/scoreExport/Symphonea/merged/Symphonea_Red_page2,45
Symphonea,Red,page2,2,bar2,2,12,4,100,4,23,13800,600,14400,47,2,49,618,673,100,100,0,/System/Volumes/Data/MyHome/Music/scoreExport/Symphonea/merged/Symphonea_Red_page2,47
Symphonea,Red,page2,2,bar2,2,12,4,100,4,24,14400,600,15000,49,2,51,673,728,100,100,0,/System/Volumes/Data/MyHome/Music/scoreExport/Symphonea/merged/Symphonea_Red_page2,49
Symphonea,AV,page3,3,bar2,2,12,4,100,4,24,14400,600,15000,49,2,51,30,68,100,100,1,/System/Volumes/Data/MyHome/Music/scoreExport/Symphonea/merged/Symphonea_AV_page3,49
Symphonea,AV,page3,3,bar3,3,12,4,100,4,25,15000,600,15600,51,2,53,68,123,100,100,0,/System/Volumes/Data/MyHome/Music/scoreExport/Symphonea/merged/Symphonea_AV_page3,51
Symphonea,AV,page3,3,bar3,3,12,4,100,4,26,15600,600,16200,53,2,55,123,178,100,100,0,/System/Volumes/Data/MyHome/Music/scoreExport/Symphonea/merged/Symphonea_AV_page3,53
Symphonea,AV,page3,3,bar3,3,12,4,100,4,27,16200,600,16800,55,2,57,178,233,100,100,0,/System/Volumes/Data/MyHome/Music/scoreExport/Symphonea/merged/Symphonea_AV_page3,55
Symphonea,AV,page3,3,bar3,3,12,4,100,4,28,16800,600,17400,57,2,59,233,288,100,100,0,/System/Volumes/Data/MyHome/Music/scoreExport/Symphonea/merged/Symphonea_AV_page3,57
Symphonea,AV,page3,3,bar3,3,12,4,100,4,29,17400,600,18000,59,2,61,288,343,100,100,0,/System/Volumes/Data/MyHome/Music/scoreExport/Symphonea/merged/Symphonea_AV_page3,59
Symphonea,AV,page3,3,bar3,3,12,4,100,4,30,18000,600,18600,61,2,63,343,398,100,100,0,/System/Volumes/Data/MyHome/Music/scoreExport/Symphonea/merged/Symphonea_AV_page3,61
Symphonea,AV,page3,3,bar3,3,12,4,100,4,31,18600,600,19200,63,2,65,398,453,100,100,0,/System/Volumes/Data/MyHome/Music/scoreExport/Symphonea/merged/Symphonea_AV_page3,63
Symphonea,AV,page3,3,bar3,3,12,4,100,4,32,19200,600,19800,65,2,67,453,508,100,100,0,/System/Volumes/Data/MyHome/Music/scoreExport/Symphonea/merged/Symphonea_AV_page3,65
Symphonea,AV,page3,3,bar3,3,12,4,100,4,33,19800,600,20400,67,2,69,508,563,100,100,0,/System/Volumes/Data/MyHome/Music/scoreExport/Symphonea/merged/Symphonea_AV_page3,67
Symphonea,AV,page3,3,bar3,3,12,4,100,4,34,20400,600,21000,69,2,71,563,618,100,100,0,/System/Volumes/Data/MyHome/Music/scoreExport/Symphonea/merged/Symphonea_AV_page3,69
Symphonea,AV,page3,3,bar3,3,12,4,100,4,35,21000,600,21600,71,2,73,618,673,100,100,0,/System/Volumes/Data/MyHome/Music/scoreExport/Symphonea/merged/Symphonea_AV_page3,71
Symphonea,AV,page3,3,bar3,3,12,4,100,4,36,21600,600,22200,73,2,75,673,728,100,100,0,/System/Volumes/Data/MyHome/Music/scoreExport/Symphonea/merged/Symphonea_AV_page3,73
Symphonea,Blue,page3,3,bar2,2,12,4,100,4,24,14400,600,15000,49,2,51,30,68,100,100,1,/System/Volumes/Data/MyHome/Music/scoreExport/Symphonea/merged/Symphonea_Blue_page3,49
Symphonea,Blue,page3,3,bar3,3,12,4,100,4,25,15000,600,15600,51,2,53,68,123,100,100,0,/System/Volumes/Data/MyHome/Music/scoreExport/Symphonea/merged/Symphonea_Blue_page3,51
Symphonea,Blue,page3,3,bar3,3,12,4,100,4,26,15600,600,16200,53,2,55,123,178,100,100,0,/System/Volumes/Data/MyHome/Music/scoreExport/Symphonea/merged/Symphonea_Blue_page3,53
Symphonea,Blue,page3,3,bar3,3,12,4,100,4,27,16200,600,16800,55,2,57,178,233,100,100,0,/System/Volumes/Data/MyHome/Music/scoreExport/Symphonea/merged/Symphonea_Blue_page3,55
Symphonea,Blue,page3,3,bar3,3,12,4,100,4,28,16800,600,17400,57,2,59,233,288,100,100,0,/System/Volumes/Data/MyHome/Music/scoreExport/Symphonea/merged/Symphonea_Blue_page3,57
Symphonea,Blue,page3,3,bar3,3,12,4,100,4,29,17400,600,18000,59,2,61,288,343,100,100,0,/System/Volumes/Data/MyHome/Music/scoreExport/Symphonea/merged/Symphonea_Blue_page3,59
Symphonea,Blue,page3,3,bar3,3,12,4,100,4,30,18000,600,18600,61,2,63,343,398,100,100,0,/System/Volumes/Data/MyHome/Music/scoreExport/Symphonea/merged/Symphonea_Blue_page3,61
Symphonea,Blue,page3,3,bar3,3,12,4,100,4,31,18600,600,19200,63,2,65,398,453,100,100,0,/System/Volumes/Data/MyHome/Music/scoreExport/Symphonea/merged/Symphonea_Blue_page3,63
Symphonea,Blue,page3,3,bar3,3,12,4,100,4,32,19200,600,19800,65,2,67,453,508,100,100,0,/System/Volumes/Data/MyHome/Music/scoreExport/Symphonea/merged/Symphonea_Blue_page3,65
Symphonea,Blue,page3,3,bar3,3,12,4,100,4,33,19800,600,20400,67,2,69,508,563,100,100,0,/System/Volumes/Data/MyHome/Music/scoreExport/Symphonea/merged/Symphonea_Blue_page3,67
Symphonea,Blue,page3,3,bar3,3,12,4,100,4,34,20400,600,21000,69,2,71,563,618,100,100,0,/System/Volumes/Data/MyHome/Music/scoreExport/Symphonea/merged/Symphonea_Blue_page3,69
Symphonea,Blue,page3,3,bar3,3,12,4,100,4,35,21000,600,21600,71,2,73,618,673,100,100,0,/System/Volumes/Data/MyHome/Music/scoreExport/Symphonea/merged/Symphonea_Blue_page3,71
Symphonea,Blue,page3,3,bar3,3,12,4,100,4,36,21600,600,22200,73,2,75,673,728,100,100,0,/System/Volumes/Data/MyHome/Music/scoreExport/Symphonea/merged/Symphonea_Blue_page3,73
Symphonea,FullScore,page3,3,bar2,2,12,4,100,4,24,14400,600,15000,49,2,51,30,68,100,100,1,/System/Volumes/Data/MyHome/Music/scoreExport/Symphonea/merged/Symphonea_FullScore_page3,49
Symphonea,FullScore,page3,3,bar3,3,12,4,100,4,25,15000,600,15600,51,2,53,68,123,100,100,0,/System/Volumes/Data/MyHome/Music/scoreExport/Symphonea/merged/Symphonea_FullScore_page3,51
Symphonea,FullScore,page3,3,bar3,3,12,4,100,4,26,15600,600,16200,53,2,55,123,178,100,100,0,/System/Volumes/Data/MyHome/Music/scoreExport/Symphonea/merged/Symphonea_FullScore_page3,53
Symphonea,FullScore,page3,3,bar3,3,12,4,100,4,27,16200,600,16800,55,2,57,178,233,100,100,0,/System/Volumes/Data/MyHome/Music/scoreExport/Symphonea/merged/Symphonea_FullScore_page3,55
Symphonea,FullScore,page3,3,bar3,3,12,4,100,4,28,16800,600,17400,57,2,59,233,288,100,100,0,/System/Volumes/Data/MyHome/Music/scoreExport/Symphonea/merged/Symphonea_FullScore_page3,57
Symphonea,FullScore,page3,3,bar3,3,12,4,100,4,29,17400,600,18000,59,2,61,288,343,100,100,0,/System/Volumes/Data/MyHome/Music/scoreExport/Symphonea/merged/Symphonea_FullScore_page3,59
Symphonea,FullScore,page3,3,bar3,3,12,4,100,4,30,18000,600,18600,61,2,63,343,398,100,100,0,/System/Volumes/Data/MyHome/Music/scoreExport/Symphonea/merged/Symphonea_FullScore_page3,61
Symphonea,FullScore,page3,3,bar3,3,12,4,100,4,31,18600,600,19200,63,2,65,398,453,100,100,0,/System/Volumes/Data/MyHome/Music/scoreExport/Symphonea/merged/Symphonea_FullScore_page3,63
Symphonea,FullScore,page3,3,bar3,3,12,4,100,4,32,19200,600,19800,65,2,67,453,508,100,100,0,/System/Volumes/Data/MyHome/Music/scoreExport/Symphonea/merged/Symphonea_FullScore_page3,65
Symphonea,FullScore,page3,3,bar3,3,12,4,100,4,33,19800,600,20400,67,2,69,508,563,100,100,0,/System/Volumes/Data/MyHome/Music/scoreExport/Symphonea/merged/Symphonea_FullScore_page3,67
Symphonea,FullScore,page3,3,bar3,3,12,4,100,4,34,20400,600,21000,69,2,71,563,618,100,100,0,/System/Volumes/Data/MyHome/Music/scoreExport/Symphonea/merged/Symphonea_FullScore_page3,69
Symphonea,FullScore,page3,3,bar3,3,12,4,100,4,35,21000,600,21600,71,2,73,618,673,100,100,0,/System/Volumes/Data/MyHome/Music/scoreExport/Symphonea/merged/Symphonea_FullScore_page3,71
Symphonea,FullScore,page3,3,bar3,3,12,4,100,4,36,21600,600,22200,73,2,75,673,728,100,100,0,/System/Volumes/Data/MyHome/Music/scoreExport/Symphonea/merged/Symphonea_FullScore_page3,73
Symphonea,Green,page3,3,bar2,2,12,4,100,4,24,14400,600,15000,49,2,51,30,68,100,100,1,/System/Volumes/Data/MyHome/Music/scoreExport/Symphonea/merged/Symphonea_Green_page3,49
Symphonea,Green,page3,3,bar3,3,12,4,100,4,25,15000,600,15600,51,2,53,68,123,100,100,0,/System/Volumes/Data/MyHome/Music/scoreExport/Symphonea/merged/Symphonea_Green_page3,51
Symphonea,Green,page3,3,bar3,3,12,4,100,4,26,15600,600,16200,53,2,55,123,178,100,100,0,/System/Volumes/Data/MyHome/Music/scoreExport/Symphonea/merged/Symphonea_Green_page3,53
Symphonea,Green,page3,3,bar3,3,12,4,100,4,27,16200,600,16800,55,2,57,178,233,100,100,0,/System/Volumes/Data/MyHome/Music/scoreExport/Symphonea/merged/Symphonea_Green_page3,55
Symphonea,Green,page3,3,bar3,3,12,4,100,4,28,16800,600,17400,57,2,59,233,288,100,100,0,/System/Volumes/Data/MyHome/Music/scoreExport/Symphonea/merged/Symphonea_Green_page3,57
Symphonea,Green,page3,3,bar3,3,12,4,100,4,29,17400,600,18000,59,2,61,288,343,100,100,0,/System/Volumes/Data/MyHome/Music/scoreExport/Symphonea/merged/Symphonea_Green_page3,59
Symphonea,Green,page3,3,bar3,3,12,4,100,4,30,18000,600,18600,61,2,63,343,398,100,100,0,/System/Volumes/Data/MyHome/Music/scoreExport/Symphonea/merged/Symphonea_Green_page3,61
Symphonea,Green,page3,3,bar3,3,12,4,100,4,31,18600,600,19200,63,2,65,398,453,100,100,0,/System/Volumes/Data/MyHome/Music/scoreExport/Symphonea/merged/Symphonea_Green_page3,63
Symphonea,Green,page3,3,bar3,3,12,4,100,4,32,19200,600,19800,65,2,67,453,508,100,100,0,/System/Volumes/Data/MyHome/Music/scoreExport/Symphonea/merged/Symphonea_Green_page3,65
Symphonea,Green,page3,3,bar3,3,12,4,100,4,33,19800,600,20400,67,2,69,508,563,100,100,0,/System/Volumes/Data/MyHome/Music/scoreExport/Symphonea/merged/Symphonea_Green_page3,67
Symphonea,Green,page3,3,bar3,3,12,4,100,4,34,20400,600,21000,69,2,71,563,618,100,100,0,/System/Volumes/Data/MyHome/Music/scoreExport/Symphonea/merged/Symphonea_Green_page3,69
Symphonea,Green,page3,3,bar3,3,12,4,100,4,35,21000,600,21600,71,2,73,618,673,100,100,0,/System/Volumes/Data/MyHome/Music/scoreExport/Symphonea/merged/Symphonea_Green_page3,71
Symphonea,Green,page3,3,bar3,3,12,4,100,4,36,21600,600,22200,73,2,75,673,728,100,100,0,/System/Volumes/Data/MyHome/Music/scoreExport/Symphonea/merged/Symphonea_Green_page3,73
Symphonea,Red,page3,3,bar2,2,12,4,100,4,24,14400,600,15000,49,2,51,30,68,100,100,1,/System/Volumes/Data/MyHome/Music/scoreExport/Symphonea/merged/Symphonea_Red_page3,49
Symphonea,Red,page3,3,bar3,3,12,4,100,4,25,15000,600,15600,51,2,53,68,123,100,100,0,/System/Volumes/Data/MyHome/Music/scoreExport/Symphonea/merged/Symphonea_Red_page3,51
Symphonea,Red,page3,3,bar3,3,12,4,100,4,26,15600,600,16200,53,2,55,123,178,100,100,0,/System/Volumes/Data/MyHome/Music/scoreExport/Symphonea/merged/Symphonea_Red_page3,53
Symphonea,Red,page3,3,bar3,3,12,4,100,4,27,16200,600,16800,55,2,57,178,233,100,100,0,/System/Volumes/Data/MyHome/Music/scoreExport/Symphonea/merged/Symphonea_Red_page3,55
Symphonea,Red,page3,3,bar3,3,12,4,100,4,28,16800,600,17400,57,2,59,233,288,100,100,0,/System/Volumes/Data/MyHome/Music/scoreExport/Symphonea/merged/Symphonea_Red_page3,57
Symphonea,Red,page3,3,bar3,3,12,4,100,4,29,17400,600,18000,59,2,61,288,343,100,100,0,/System/Volumes/Data/MyHome/Music/scoreExport/Symphonea/merged/Symphonea_Red_page3,59
Symphonea,Red,page3,3,bar3,3,12,4,100,4,30,18000,600,18600,61,2,63,343,398,100,100,0,/System/Volumes/Data/MyHome/Music/scoreExport/Symphonea/merged/Symphonea_Red_page3,61
Symphonea,Red,page3,3,bar3,3,12,4,100,4,31,18600,600,19200,63,2,65,398,453,100,100,0,/System/Volumes/Data/MyHome/Music/scoreExport/Symphonea/merged/Symphonea_Red_page3,63
Symphonea,Red,page3,3,bar3,3,12,4,100,4,32,19200,600,19800,65,2,67,453,508,100,100,0,/System/Volumes/Data/MyHome/Music/scoreExport/Symphonea/merged/Symphonea_Red_page3,65
Symphonea,Red,page3,3,bar3,3,12,4,100,4,33,19800,600,20400,67,2,69,508,563,100,100,0,/System/Volumes/Data/MyHome/Music/scoreExport/Symphonea/merged/Symphonea_Red_page3,67
Symphonea,Red,page3,3,bar3,3,12,4,100,4,34,20400,600,21000,69,2,71,563,618,100,100,0,/System/Volumes/Data/MyHome/Music/scoreExport/Symphonea/merged/Symphonea_Red_page3,69
Symphonea,Red,page3,3,bar3,3,12,4,100,4,35,21000,600,21600,71,2,73,618,673,100,100,0,/System/Volumes/Data/MyHome/Music/scoreExport/Symphonea/merged/Symphonea_Red_page3,71
Symphonea,Red,page3,3,bar3,3,12,4,100,4,36,21600,600,22200,73,2,75,673,728,100,100,0,/System/Volumes/Data/MyHome/Music/scoreExport/Symphonea/merged/Symphonea_Red_page3,73
Symphonea,AV,page4,4,bar3,3,12,4,100,4,36,21600,600,22200,73,2,75,30,68,100,100,1,/System/Volumes/Data/MyHome/Music/scoreExport/Symphonea/merged/Symphonea_AV_page4,73
Symphonea,AV,page4,4,bar4,4,12,4,100,4,37,22200,600,22800,75,2,77,68,123,100,100,0,/System/Volumes/Data/MyHome/Music/scoreExport/Symphonea/merged/Symphonea_AV_page4,75
Symphonea,AV,page4,4,bar4,4,12,4,100,4,38,22800,600,23400,77,2,79,123,178,100,100,0,/System/Volumes/Data/MyHome/Music/scoreExport/Symphonea/merged/Symphonea_AV_page4,77
Symphonea,AV,page4,4,bar4,4,12,4,100,4,39,23400,600,24000,79,2,81,178,233,100,100,0,/System/Volumes/Data/MyHome/Music/scoreExport/Symphonea/merged/Symphonea_AV_page4,79
Symphonea,AV,page4,4,bar4,4,12,4,100,4,40,24000,600,24600,81,2,83,233,288,100,100,0,/System/Volumes/Data/MyHome/Music/scoreExport/Symphonea/merged/Symphonea_AV_page4,81
Symphonea,AV,page4,4,bar4,4,12,4,100,4,41,24600,600,25200,83,2,85,288,343,100,100,0,/System/Volumes/Data/MyHome/Music/scoreExport/Symphonea/merged/Symphonea_AV_page4,83
Symphonea,AV,page4,4,bar4,4,12,4,100,4,42,25200,600,25800,85,2,87,343,398,100,100,0,/System/Volumes/Data/MyHome/Music/scoreExport/Symphonea/merged/Symphonea_AV_page4,85
Symphonea,AV,page4,4,bar4,4,12,4,100,4,43,25800,600,26400,87,2,89,398,453,100,100,0,/System/Volumes/Data/MyHome/Music/scoreExport/Symphonea/merged/Symphonea_AV_page4,87
Symphonea,AV,page4,4,bar4,4,12,4,100,4,44,26400,600,27000,89,2,91,453,508,100,100,0,/System/Volumes/Data/MyHome/Music/scoreExport/Symphonea/merged/Symphonea_AV_page4,89
Symphonea,AV,page4,4,bar4,4,12,4,100,4,45,27000,600,27600,91,2,93,508,563,100,100,0,/System/Volumes/Data/MyHome/Music/scoreExport/Symphonea/merged/Symphonea_AV_page4,91
Symphonea,AV,page4,4,bar4,4,12,4,100,4,46,27600,600,28200,93,2,95,563,618,100,100,0,/System/Volumes/Data/MyHome/Music/scoreExport/Symphonea/merged/Symphonea_AV_page4,93
Symphonea,AV,page4,4,bar4,4,12,4,100,4,47,28200,600,28800,95,2,97,618,673,100,100,0,/System/Volumes/Data/MyHome/Music/scoreExport/Symphonea/merged/Symphonea_AV_page4,95
Symphonea,AV,page4,4,bar4,4,12,4,100,4,48,28800,600,29400,97,2,99,673,728,100,100,0,/System/Volumes/Data/MyHome/Music/scoreExport/Symphonea/merged/Symphonea_AV_page4,97
Symphonea,Blue,page4,4,bar3,3,12,4,100,4,36,21600,600,22200,73,2,75,30,68,100,100,1,/System/Volumes/Data/MyHome/Music/scoreExport/Symphonea/merged/Symphonea_Blue_page4,73
Symphonea,Blue,page4,4,bar4,4,12,4,100,4,37,22200,600,22800,75,2,77,68,123,100,100,0,/System/Volumes/Data/MyHome/Music/scoreExport/Symphonea/merged/Symphonea_Blue_page4,75
Symphonea,Blue,page4,4,bar4,4,12,4,100,4,38,22800,600,23400,77,2,79,123,178,100,100,0,/System/Volumes/Data/MyHome/Music/scoreExport/Symphonea/merged/Symphonea_Blue_page4,77
Symphonea,Blue,page4,4,bar4,4,12,4,100,4,39,23400,600,24000,79,2,81,178,233,100,100,0,/System/Volumes/Data/MyHome/Music/scoreExport/Symphonea/merged/Symphonea_Blue_page4,79
Symphonea,Blue,page4,4,bar4,4,12,4,100,4,40,24000,600,24600,81,2,83,233,288,100,100,0,/System/Volumes/Data/MyHome/Music/scoreExport/Symphonea/merged/Symphonea_Blue_page4,81
Symphonea,Blue,page4,4,bar4,4,12,4,100,4,41,24600,600,25200,83,2,85,288,343,100,100,0,/System/Volumes/Data/MyHome/Music/scoreExport/Symphonea/merged/Symphonea_Blue_page4,83
Symphonea,Blue,page4,4,bar4,4,12,4,100,4,42,25200,600,25800,85,2,87,343,398,100,100,0,/System/Volumes/Data/MyHome/Music/scoreExport/Symphonea/merged/Symphonea_Blue_page4,85
Symphonea,Blue,page4,4,bar4,4,12,4,100,4,43,25800,600,26400,87,2,89,398,453,100,100,0,/System/Volumes/Data/MyHome/Music/scoreExport/Symphonea/merged/Symphonea_Blue_page4,87
Symphonea,Blue,page4,4,bar4,4,12,4,100,4,44,26400,600,27000,89,2,91,453,508,100,100,0,/System/Volumes/Data/MyHome/Music/scoreExport/Symphonea/merged/Symphonea_Blue_page4,89
Symphonea,Blue,page4,4,bar4,4,12,4,100,4,45,27000,600,27600,91,2,93,508,563,100,100,0,/System/Volumes/Data/MyHome/Music/scoreExport/Symphonea/merged/Symphonea_Blue_page4,91
Symphonea,Blue,page4,4,bar4,4,12,4,100,4,46,27600,600,28200,93,2,95,563,618,100,100,0,/System/Volumes/Data/MyHome/Music/scoreExport/Symphonea/merged/Symphonea_Blue_page4,93
Symphonea,Blue,page4,4,bar4,4,12,4,100,4,47,28200,600,28800,95,2,97,618,673,100,100,0,/System/Volumes/Data/MyHome/Music/scoreExport/Symphonea/merged/Symphonea_Blue_page4,95
Symphonea,Blue,page4,4,bar4,4,12,4,100,4,48,28800,600,29400,97,2,99,673,728,100,100,0,/System/Volumes/Data/MyHome/Music/scoreExport/Symphonea/merged/Symphonea_Blue_page4,97
Symphonea,FullScore,page4,4,bar3,3,12,4,100,4,36,21600,600,22200,73,2,75,30,68,100,100,1,/System/Volumes/Data/MyHome/Music/scoreExport/Symphonea/merged/Symphonea_FullScore_page4,73
Symphonea,FullScore,page4,4,bar4,4,12,4,100,4,37,22200,600,22800,75,2,77,68,123,100,100,0,/System/Volumes/Data/MyHome/Music/scoreExport/Symphonea/merged/Symphonea_FullScore_page4,75
Symphonea,FullScore,page4,4,bar4,4,12,4,100,4,38,22800,600,23400,77,2,79,123,178,100,100,0,/System/Volumes/Data/MyHome/Music/scoreExport/Symphonea/merged/Symphonea_FullScore_page4,77
Symphonea,FullScore,page4,4,bar4,4,12,4,100,4,39,23400,600,24000,79,2,81,178,233,100,100,0,/System/Volumes/Data/MyHome/Music/scoreExport/Symphonea/merged/Symphonea_FullScore_page4,79
Symphonea,FullScore,page4,4,bar4,4,12,4,100,4,40,24000,600,24600,81,2,83,233,288,100,100,0,/System/Volumes/Data/MyHome/Music/scoreExport/Symphonea/merged/Symphonea_FullScore_page4,81
Symphonea,FullScore,page4,4,bar4,4,12,4,100,4,41,24600,600,25200,83,2,85,288,343,100,100,0,/System/Volumes/Data/MyHome/Music/scoreExport/Symphonea/merged/Symphonea_FullScore_page4,83
Symphonea,FullScore,page4,4,bar4,4,12,4,100,4,42,25200,600,25800,85,2,87,343,398,100,100,0,/System/Volumes/Data/MyHome/Music/scoreExport/Symphonea/merged/Symphonea_FullScore_page4,85
Symphonea,FullScore,page4,4,bar4,4,12,4,100,4,43,25800,600,26400,87,2,89,398,453,100,100,0,/System/Volumes/Data/MyHome/Music/scoreExport/Symphonea/merged/Symphonea_FullScore_page4,87
Symphonea,FullScore,page4,4,bar4,4,12,4,100,4,44,26400,600,27000,89,2,91,453,508,100,100,0,/System/Volumes/Data/MyHome/Music/scoreExport/Symphonea/merged/Symphonea_FullScore_page4,89
Symphonea,FullScore,page4,4,bar4,4,12,4,100,4,45,27000,600,27600,91,2,93,508,563,100,100,0,/System/Volumes/Data/MyHome/Music/scoreExport/Symphonea/merged/Symphonea_FullScore_page4,91
Symphonea,FullScore,page4,4,bar4,4,12,4,100,4,46,27600,600,28200,93,2,95,563,618,100,100,0,/System/Volumes/Data/MyHome/Music/scoreExport/Symphonea/merged/Symphonea_FullScore_page4,93
Symphonea,FullScore,page4,4,bar4,4,12,4,100,4,47,28200,600,28800,95,2,97,618,673,100,100,0,/System/Volumes/Data/MyHome/Music/scoreExport/Symphonea/merged/Symphonea_FullScore_page4,95
Symphonea,FullScore,page4,4,bar4,4,12,4,100,4,48,28800,600,29400,97,2,99,673,728,100,100,0,/System/Volumes/Data/MyHome/Music/scoreExport/Symphonea/merged/Symphonea_FullScore_page4,97
Symphonea,Green,page4,4,bar3,3,12,4,100,4,36,21600,600,22200,73,2,75,30,68,100,100,1,/System/Volumes/Data/MyHome/Music/scoreExport/Symphonea/merged/Symphonea_Green_page4,73
Symphonea,Green,page4,4,bar4,4,12,4,100,4,37,22200,600,22800,75,2,77,68,123,100,100,0,/System/Volumes/Data/MyHome/Music/scoreExport/Symphonea/merged/Symphonea_Green_page4,75
Symphonea,Green,page4,4,bar4,4,12,4,100,4,38,22800,600,23400,77,2,79,123,178,100,100,0,/System/Volumes/Data/MyHome/Music/scoreExport/Symphonea/merged/Symphonea_Green_page4,77
Symphonea,Green,page4,4,bar4,4,12,4,100,4,39,23400,600,24000,79,2,81,178,233,100,100,0,/System/Volumes/Data/MyHome/Music/scoreExport/Symphonea/merged/Symphonea_Green_page4,79
Symphonea,Green,page4,4,bar4,4,12,4,100,4,40,24000,600,24600,81,2,83,233,288,100,100,0,/System/Volumes/Data/MyHome/Music/scoreExport/Symphonea/merged/Symphonea_Green_page4,81
Symphonea,Green,page4,4,bar4,4,12,4,100,4,41,24600,600,25200,83,2,85,288,343,100,100,0,/System/Volumes/Data/MyHome/Music/scoreExport/Symphonea/merged/Symphonea_Green_page4,83
Symphonea,Green,page4,4,bar4,4,12,4,100,4,42,25200,600,25800,85,2,87,343,398,100,100,0,/System/Volumes/Data/MyHome/Music/scoreExport/Symphonea/merged/Symphonea_Green_page4,85
Symphonea,Green,page4,4,bar4,4,12,4,100,4,43,25800,600,26400,87,2,89,398,453,100,100,0,/System/Volumes/Data/MyHome/Music/scoreExport/Symphonea/merged/Symphonea_Green_page4,87
Symphonea,Green,page4,4,bar4,4,12,4,100,4,44,26400,600,27000,89,2,91,453,508,100,100,0,/System/Volumes/Data/MyHome/Music/scoreExport/Symphonea/merged/Symphonea_Green_page4,89
Symphonea,Green,page4,4,bar4,4,12,4,100,4,45,27000,600,27600,91,2,93,508,563,100,100,0,/System/Volumes/Data/MyHome/Music/scoreExport/Symphonea/merged/Symphonea_Green_page4,91
Symphonea,Green,page4,4,bar4,4,12,4,100,4,46,27600,600,28200,93,2,95,563,618,100,100,0,/System/Volumes/Data/MyHome/Music/scoreExport/Symphonea/merged/Symphonea_Green_page4,93
Symphonea,Green,page4,4,bar4,4,12,4,100,4,47,28200,600,28800,95,2,97,618,673,100,100,0,/System/Volumes/Data/MyHome/Music/scoreExport/Symphonea/merged/Symphonea_Green_page4,95
Symphonea,Green,page4,4,bar4,4,12,4,100,4,48,28800,600,29400,97,2,99,673,728,100,100,0,/System/Volumes/Data/MyHome/Music/scoreExport/Symphonea/merged/Symphonea_Green_page4,97
Symphonea,Red,page4,4,bar3,3,12,4,100,4,36,21600,600,22200,73,2,75,30,68,100,100,1,/System/Volumes/Data/MyHome/Music/scoreExport/Symphonea/merged/Symphonea_Red_page4,73
Symphonea,Red,page4,4,bar4,4,12,4,100,4,37,22200,600,22800,75,2,77,68,123,100,100,0,/System/Volumes/Data/MyHome/Music/scoreExport/Symphonea/merged/Symphonea_Red_page4,75
Symphonea,Red,page4,4,bar4,4,12,4,100,4,38,22800,600,23400,77,2,79,123,178,100,100,0,/System/Volumes/Data/MyHome/Music/scoreExport/Symphonea/merged/Symphonea_Red_page4,77
Symphonea,Red,page4,4,bar4,4,12,4,100,4,39,23400,600,24000,79,2,81,178,233,100,100,0,/System/Volumes/Data/MyHome/Music/scoreExport/Symphonea/merged/Symphonea_Red_page4,79
Symphonea,Red,page4,4,bar4,4,12,4,100,4,40,24000,600,24600,81,2,83,233,288,100,100,0,/System/Volumes/Data/MyHome/Music/scoreExport/Symphonea/merged/Symphonea_Red_page4,81
Symphonea,Red,page4,4,bar4,4,12,4,100,4,41,24600,600,25200,83,2,85,288,343,100,100,0,/System/Volumes/Data/MyHome/Music/scoreExport/Symphonea/merged/Symphonea_Red_page4,83
Symphonea,Red,page4,4,bar4,4,12,4,100,4,42,25200,600,25800,85,2,87,343,398,100,100,0,/System/Volumes/Data/MyHome/Music/scoreExport/Symphonea/merged/Symphonea_Red_page4,85
Symphonea,Red,page4,4,bar4,4,12,4,100,4,43,25800,600,26400,87,2,89,398,453,100,100,0,/System/Volumes/Data/MyHome/Music/scoreExport/Symphonea/merged/Symphonea_Red_page4,87
Symphonea,Red,page4,4,bar4,4,12,4,100,4,44,26400,600,27000,89,2,91,453,508,100,100,0,/System/Volumes/Data/MyHome/Music/scoreExport/Symphonea/merged/Symphonea_Red_page4,89
Symphonea,Red,page4,4,bar4,4,12,4,100,4,45,27000,600,27600,91,2,93,508,563,100,100,0,/System/Volumes/Data/MyHome/Music/scoreExport/Symphonea/merged/Symphonea_Red_page4,91
Symphonea,Red,page4,4,bar4,4,12,4,100,4,46,27600,600,28200,93,2,95,563,618,100,100,0,/System/Volumes/Data/MyHome/Music/scoreExport/Symphonea/merged/Symphonea_Red_page4,93
Symphonea,Red,page4,4,bar4,4,12,4,100,4,47,28200,600,28800,95,2,97,618,673,100,100,0,/System/Volumes/Data/MyHome/Music/scoreExport/Symphonea/merged/Symphonea_Red_page4,95
Symphonea,Red,page4,4,bar4,4,12,4,100,4,48,28800,600,29400,97,2,99,673,728,100,100,0,/System/Volumes/Data/MyHome/Music/scoreExport/Symphonea/merged/Symphonea_Red_page4,97
